location,latitude,longitude,population_density,traffic_density,ev_count,distance_from_nearest_station,recommended
Area D,22.0,82.0,2168,9.2,358,6.4,Yes
Area G,23.0,72.9781,6249,4.3,95,3.1,Yes
Area C,22.0,80.0,5097,6.9,383,3.8,No
Area E,23.0,83.0,2952,3.8,500,6.3,No
Area E,26.0,79.0,3047,9.1,480,7.9,Yes
Area E,23.0,79.0,4707,2.8,430,1.7,Yes
Area E,26.0,80.0,5673,3.1,144,8.4,No
Area G,19.076,83.0,9771,7.8,443,4.2,No
Area F,22.0,83.0,9128,8.7,262,1.8,No
Area G,19.2183,83.0,5858,6.5,293,5.8,Yes
Area H,21.0,78.0,7518,7.4,432,9.3,Yes
Area D,28.7041,78.0,3783,4.1,192,6.9,No
Area F,18.5204,79.0,2976,1.4,121,2.3,No
Area F,21.0,77.1025,1392,2.2,83,7.5,Yes
Area A,23.0,72.9781,6693,3.3,56,1.2,No
Area E,24.0,82.0,3404,4.2,165,4.1,No
Area H,18.5204,72.9781,1782,6.7,379,9.9,Yes
Area E,24.0,81.0,6807,7.9,322,6.8,Yes
Area G,24.0,72.8777,6419,6.6,352,5.7,No
Area B,19.076,79.0,8285,1.3,378,3.4,No
Area B,26.0,79.0,5326,6.2,401,9.5,No
Area B,23.0,80.0,3715,7.6,115,9.3,No
Area H,22.0,83.0,8377,1.7,191,10.0,Yes
Area J,26.0,82.0,9196,3.4,277,8.4,Yes
Area E,23.0,78.0,8401,7.6,56,1.8,Yes
Area I,23.0,80.0,7957,2.0,72,7.3,Yes
Area H,23.0,72.9781,9445,2.0,125,7.5,Yes
Area D,26.0,82.0,5819,7.5,193,3.2,No
Area J,19.076,72.8777,8845,3.8,93,3.7,No
Area I,18.5204,80.0,9799,5.6,52,1.2,No
Area C,18.5204,72.8777,2322,1.5,80,2.1,Yes
Area B,19.076,83.0,7711,6.8,351,4.7,No
Area J,26.0,72.9781,2473,3.1,91,3.9,Yes
Area E,23.0,80.0,7540,5.5,291,4.1,No
Area B,18.5204,81.0,8980,6.5,124,8.8,Yes
Area H,23.0,72.9781,8150,4.6,426,1.7,No
Area G,22.0,77.1025,1495,5.0,311,4.5,No
Area C,22.0,79.0,8880,7.2,73,8.1,No
Area G,19.076,78.0,8879,6.9,147,6.5,No
Area C,25.0,73.8567,4105,4.4,75,7.9,No
Area I,19.076,77.1025,6100,4.0,445,3.4,Yes
Area G,21.0,73.8567,5577,4.6,115,5.8,Yes
Area J,19.2183,80.0,7447,3.4,355,4.8,No
Area F,24.0,83.0,9784,9.2,75,7.8,No
Area B,18.5204,73.8567,4232,7.5,374,6.8,Yes
Area I,28.7041,82.0,1565,5.4,55,2.4,Yes
Area F,19.2183,81.0,4481,1.2,481,5.9,No
Area H,22.0,73.8567,6662,2.2,422,8.8,No
Area B,26.0,72.9781,4310,5.3,155,1.5,No
Area J,26.0,72.8777,6756,8.1,233,2.3,No
Area B,26.0,77.1025,2106,1.4,280,1.1,No
Area I,22.0,77.1025,1664,1.7,318,5.8,Yes
Area J,21.0,81.0,1898,8.2,472,8.1,Yes
Area A,25.0,72.8777,2813,8.5,426,1.9,Yes
Area H,19.076,82.0,2795,5.1,339,4.5,Yes
Area J,25.0,72.9781,1155,1.5,76,8.2,Yes
Area C,19.076,79.0,5151,6.8,416,6.6,No
Area E,23.0,78.0,4908,8.8,273,5.3,No
Area G,24.0,72.8777,9667,8.9,328,9.0,Yes
Area C,28.7041,77.1025,8657,8.1,99,2.6,No
Area G,22.0,77.1025,6839,2.0,233,9.2,No
Area C,19.2183,80.0,3906,8.0,494,4.1,No
Area A,26.0,72.9781,4108,8.4,279,9.8,No
Area F,25.0,79.0,3183,5.4,313,3.0,Yes
Area B,19.076,72.8777,8166,2.5,219,1.3,Yes
Area E,23.0,82.0,4795,7.4,295,8.2,Yes
Area H,19.076,72.9781,6576,8.8,144,2.5,Yes
Area B,24.0,77.1025,7895,8.4,329,4.4,No
Area G,21.0,83.0,1625,6.2,433,5.0,Yes
Area H,22.0,77.1025,9535,4.0,356,6.0,No
Area C,19.076,81.0,6396,9.7,397,3.4,No
Area D,19.076,80.0,3746,4.8,296,9.3,Yes
Area G,24.0,77.1025,5637,8.0,406,5.6,Yes
Area D,18.5204,72.9781,9945,8.3,477,6.1,No
Area B,22.0,82.0,1259,10.0,257,4.8,No
Area I,23.0,80.0,3227,6.6,453,5.5,No
Area H,22.0,77.1025,7432,8.7,275,6.8,Yes
Area I,28.7041,77.1025,2139,5.0,277,5.8,Yes
Area C,24.0,80.0,4685,6.4,73,6.6,Yes
Area A,26.0,72.8777,8482,1.5,154,7.1,No
Area B,18.5204,72.9781,1653,3.7,321,1.5,No
Area B,25.0,72.8777,7036,7.3,385,4.6,Yes
Area H,19.076,72.9781,9418,9.1,402,8.7,No
Area J,26.0,77.1025,6197,5.4,104,7.9,Yes
Area I,28.7041,72.9781,9812,6.4,438,5.5,Yes
Area H,22.0,72.9781,1139,9.3,80,7.0,No
Area A,23.0,83.0,4392,4.2,213,1.3,Yes
Area A,19.076,81.0,4478,5.5,302,4.5,Yes
Area I,26.0,83.0,3925,5.2,316,3.8,Yes
Area C,26.0,73.8567,8275,1.4,478,1.3,Yes
Area A,24.0,82.0,4646,5.0,101,4.8,Yes
Area F,24.0,78.0,7950,2.8,186,1.5,No
Area A,23.0,79.0,4362,2.4,275,1.3,No
Area E,22.0,79.0,3074,1.9,151,1.7,Yes
Area I,18.5204,81.0,4785,2.7,293,3.1,No
Area C,19.076,78.0,8181,4.5,436,1.6,Yes
Area B,28.7041,73.8567,6722,3.3,435,7.1,Yes
Area H,21.0,78.0,9879,8.4,67,7.2,Yes
Area G,23.0,80.0,4830,5.9,394,8.9,Yes
Area E,18.5204,82.0,6020,5.6,483,4.2,Yes
Area I,24.0,82.0,4139,9.7,388,9.9,No
Area A,24.0,78.0,9448,4.6,181,2.0,No
Area J,28.7041,79.0,5825,3.3,307,1.0,No
Area B,23.0,81.0,9906,7.1,387,3.1,No
Area A,21.0,73.8567,2661,9.1,361,4.5,No
Area J,19.076,79.0,4604,1.2,185,2.4,No
Area A,24.0,80.0,5944,9.9,205,3.4,No
Area F,26.0,79.0,2912,5.0,235,6.2,Yes
Area D,25.0,79.0,5386,8.4,467,7.3,No
Area A,28.7041,83.0,7217,3.2,297,6.1,Yes
Area A,21.0,73.8567,4007,3.0,466,7.0,No
Area B,19.076,72.9781,4375,8.7,135,1.5,No
Area G,24.0,80.0,9612,6.8,204,7.0,No
Area F,22.0,79.0,6974,3.0,487,4.2,No
Area D,23.0,77.1025,6323,1.3,413,5.3,Yes
Area H,23.0,72.8777,5990,6.4,235,6.1,No
Area I,26.0,82.0,9301,1.8,253,4.5,No
Area H,22.0,79.0,5834,4.1,482,1.6,No
Area B,28.7041,79.0,1693,1.7,370,3.4,Yes
Area A,18.5204,79.0,7384,9.0,156,7.6,No
Area C,22.0,81.0,9269,8.8,209,2.6,No
Area E,19.2183,72.9781,7086,9.8,219,6.2,Yes
Area A,28.7041,83.0,7247,2.5,203,3.4,Yes
Area C,26.0,80.0,5356,8.4,360,4.4,No
Area I,22.0,78.0,6941,6.7,490,6.4,Yes
Area I,28.7041,78.0,1056,6.1,77,5.1,No
Area I,18.5204,78.0,3553,4.6,377,8.3,No
Area A,26.0,83.0,4506,1.2,442,5.9,Yes
Area G,24.0,82.0,9719,8.9,157,6.3,No
Area G,19.2183,79.0,7254,4.1,81,3.3,Yes
Area C,22.0,82.0,4849,1.7,407,8.5,No
Area G,22.0,72.9781,7313,9.4,465,3.4,Yes
Area A,23.0,80.0,6688,4.5,239,4.9,No
Area A,23.0,80.0,1195,3.8,280,2.8,No
Area H,26.0,78.0,7846,6.1,312,3.8,No
Area E,26.0,77.1025,8690,6.6,406,3.6,Yes
Area G,22.0,72.9781,3331,6.9,415,6.5,No
Area D,22.0,72.8777,8204,4.0,370,2.0,No
Area I,25.0,72.9781,5570,6.1,304,5.7,Yes
Area H,24.0,77.1025,1442,2.5,186,8.3,No
Area A,19.076,83.0,2695,5.2,225,5.3,No
Area E,24.0,72.8777,6878,1.7,191,2.0,Yes
Area J,21.0,77.1025,7847,4.2,142,8.0,Yes
Area I,19.076,82.0,2354,1.7,78,1.3,No
Area B,25.0,77.1025,9168,6.5,315,7.0,No
Area J,18.5204,78.0,2587,5.8,182,3.1,Yes
Area H,25.0,82.0,2537,5.7,455,5.6,No
Area A,19.2183,82.0,7821,2.3,369,2.7,No
Area A,19.2183,83.0,2863,5.5,233,3.3,No
Area C,24.0,79.0,5069,8.7,122,6.8,No
Area A,19.076,83.0,7617,4.3,285,1.3,No
Area G,26.0,72.8777,2860,8.8,484,9.7,Yes
Area A,24.0,73.8567,4432,4.6,351,6.5,No
Area C,24.0,80.0,5464,6.4,122,6.9,Yes
Area F,22.0,81.0,5037,5.1,476,2.1,No
Area G,19.076,81.0,5628,2.5,303,5.9,Yes
Area I,26.0,81.0,8562,1.1,196,5.3,No
Area C,23.0,72.8777,7307,7.5,426,5.0,Yes
Area E,28.7041,82.0,2077,3.0,393,3.6,No
Area I,19.076,79.0,3437,8.3,485,6.6,No
Area D,24.0,82.0,4029,7.3,353,3.2,Yes
Area G,26.0,80.0,3462,2.9,410,2.3,No
Area I,26.0,77.1025,3684,10.0,150,8.2,Yes
Area I,19.076,82.0,1241,8.0,401,6.7,Yes
Area J,19.2183,80.0,8587,4.3,204,6.0,No
Area A,19.076,81.0,8183,4.5,259,4.5,No
Area C,19.2183,78.0,7000,8.8,116,5.9,Yes
Area B,19.2183,80.0,2911,3.6,133,7.7,Yes
Area G,28.7041,80.0,3758,5.6,97,3.0,Yes
Area H,18.5204,81.0,5332,8.5,396,8.2,Yes
Area B,28.7041,73.8567,2915,3.7,454,8.6,No
Area H,25.0,73.8567,8576,4.3,334,6.5,Yes
Area J,21.0,77.1025,5992,1.0,241,1.2,Yes
Area C,25.0,73.8567,9731,3.5,186,6.0,No
Area H,28.7041,72.9781,9646,6.8,219,1.5,Yes
Area E,21.0,83.0,6174,9.7,243,9.6,No
Area C,19.2183,79.0,2750,6.7,193,2.0,Yes
Area I,26.0,80.0,7231,5.4,156,3.4,Yes
Area G,23.0,80.0,5666,5.6,233,6.7,Yes
Area C,21.0,81.0,1113,9.5,235,9.4,Yes
Area I,28.7041,73.8567,3530,2.2,272,5.8,Yes
Area D,26.0,78.0,2677,6.5,122,7.3,Yes
Area J,23.0,81.0,3861,2.7,346,8.3,No
Area I,19.076,78.0,8279,9.6,155,7.6,Yes
Area H,23.0,78.0,8255,8.0,209,1.2,Yes
Area E,19.076,78.0,6174,6.2,275,4.2,No
Area C,18.5204,82.0,1962,8.5,236,4.4,No
Area I,24.0,78.0,5553,5.9,256,5.8,No
Area G,26.0,80.0,7186,3.0,53,7.3,No
Area I,18.5204,73.8567,9693,3.5,187,4.0,No
Area H,19.076,81.0,9232,6.7,159,3.2,No
Area A,26.0,81.0,5237,6.3,366,4.7,Yes
Area G,25.0,72.9781,9512,8.5,224,9.0,Yes
Area E,23.0,79.0,7154,5.7,428,8.1,Yes
Area D,19.2183,78.0,8412,2.5,202,6.3,Yes
Area E,22.0,78.0,4687,4.2,145,9.7,Yes
Area C,22.0,77.1025,7062,4.4,74,4.7,Yes
Area B,22.0,73.8567,1520,2.2,351,4.8,Yes
Area I,21.0,72.9781,1218,5.7,185,9.0,Yes
Area A,26.0,81.0,3102,7.8,481,4.2,No
Area G,25.0,73.8567,2008,6.0,136,6.6,Yes
Area I,28.7041,79.0,6658,7.1,157,5.7,Yes
Area H,19.2183,81.0,4126,8.0,460,6.9,Yes
Area B,24.0,72.9781,5196,7.4,295,6.3,Yes
Area E,18.5204,80.0,9022,5.9,315,1.2,Yes
Area G,21.0,83.0,6626,5.8,446,8.8,No
Area A,25.0,80.0,5730,5.3,205,8.5,No
Area F,24.0,81.0,4650,6.9,133,9.8,No
Area B,21.0,79.0,1470,2.8,270,1.6,No
Area E,19.2183,81.0,2512,4.1,479,9.3,No
Area E,18.5204,80.0,2848,8.9,337,5.8,No
Area A,23.0,77.1025,4164,1.7,108,2.3,No
Area G,24.0,82.0,5695,4.8,120,2.7,Yes
Area F,23.0,78.0,1950,9.7,147,9.0,No
Area G,23.0,72.8777,1272,2.3,160,9.4,Yes
Area F,24.0,79.0,2182,6.7,412,1.9,Yes
Area A,24.0,81.0,1750,6.9,175,2.0,No
Area D,23.0,80.0,3582,5.6,428,8.5,No
Area J,22.0,73.8567,4171,2.7,457,8.2,Yes
Area D,18.5204,80.0,3762,2.9,377,4.4,Yes
Area D,23.0,80.0,5915,6.2,435,3.7,No
Area D,19.2183,83.0,2847,4.7,465,1.8,No
Area F,26.0,77.1025,9748,6.1,222,4.5,No
Area D,19.076,73.8567,8605,3.9,300,9.2,Yes
Area J,24.0,82.0,2956,4.4,411,3.7,No
Area B,18.5204,83.0,1334,9.5,83,9.5,Yes
Area I,22.0,72.9781,3381,8.6,50,4.1,No
Area H,26.0,83.0,8996,8.1,229,2.4,No
Area B,18.5204,81.0,9661,3.5,431,6.5,Yes
Area F,25.0,73.8567,3865,7.6,224,1.1,Yes
Area G,25.0,72.9781,5578,9.7,114,5.4,Yes
Area C,26.0,79.0,8486,5.2,154,4.1,Yes
Area A,23.0,81.0,9255,4.7,104,6.3,No
Area D,19.076,77.1025,2292,7.1,359,8.6,No
Area D,22.0,81.0,9458,5.7,125,2.4,No
Area F,23.0,82.0,7258,3.5,462,6.1,No
Area A,26.0,81.0,2382,6.7,118,6.1,No
Area I,19.076,80.0,2309,4.9,411,3.1,No
Area H,28.7041,72.8777,4704,6.8,144,8.8,Yes
Area G,24.0,73.8567,5127,10.0,106,4.1,Yes
Area F,21.0,72.8777,1011,1.5,83,7.8,No
Area B,26.0,81.0,8608,5.4,350,7.3,No
Area E,24.0,82.0,8781,2.9,110,8.1,Yes
Area B,26.0,81.0,6567,6.2,358,3.7,Yes
Area F,26.0,83.0,7528,7.1,257,3.0,Yes
Area I,25.0,72.9781,8696,2.5,60,1.2,No
Area B,25.0,82.0,2924,2.0,237,2.6,No
Area F,28.7041,78.0,8471,7.1,185,3.9,Yes
Area G,28.7041,72.8777,3753,7.3,134,4.5,No
Area J,24.0,83.0,9177,5.0,200,8.1,No
Area D,18.5204,82.0,9561,9.0,323,5.8,Yes
Area F,19.076,81.0,7511,8.5,359,6.4,Yes
Area C,24.0,79.0,9407,7.9,308,6.1,Yes
Area G,21.0,72.9781,2441,8.9,210,9.8,Yes
Area G,19.076,80.0,3643,8.3,306,4.3,No
Area J,21.0,78.0,4157,3.6,225,3.4,No
Area E,23.0,80.0,5162,9.5,423,2.5,No
Area C,19.076,73.8567,1421,5.4,153,2.3,No
Area D,21.0,77.1025,4572,3.0,310,9.0,No
Area F,19.076,79.0,5403,1.4,321,2.6,No
Area H,25.0,83.0,6975,9.5,222,4.1,No
Area F,25.0,78.0,5671,7.3,89,6.3,Yes
Area G,19.2183,79.0,6101,8.2,172,8.6,Yes
Area C,22.0,78.0,7567,9.3,462,1.6,No
Area D,18.5204,77.1025,2053,3.6,160,3.1,Yes
Area J,22.0,77.1025,6542,9.5,73,9.3,Yes
Area E,23.0,79.0,7541,4.5,300,1.1,Yes
Area A,26.0,83.0,8886,9.7,270,8.6,No
Area C,19.2183,72.9781,7716,4.9,298,3.0,Yes
Area C,19.2183,72.8777,9453,2.0,489,2.1,Yes
Area E,18.5204,83.0,5862,5.4,460,7.7,No
Area B,23.0,73.8567,7587,8.0,274,5.9,No
Area C,28.7041,77.1025,6201,5.6,182,6.3,Yes
Area F,25.0,80.0,1339,3.0,472,9.3,No
Area I,24.0,72.9781,5488,7.3,58,4.9,Yes
Area B,23.0,72.8777,4414,7.4,54,4.5,No
Area B,22.0,83.0,8703,2.9,101,3.4,No
Area H,19.076,82.0,1340,1.7,135,3.6,Yes
Area A,18.5204,78.0,8913,6.1,333,9.8,Yes
Area I,26.0,82.0,6635,9.7,342,1.4,Yes
Area D,23.0,78.0,5431,4.9,376,9.4,Yes
Area I,28.7041,82.0,8488,5.8,106,8.6,Yes
Area I,18.5204,78.0,1880,5.5,256,4.3,No
Area G,19.2183,83.0,3986,9.0,155,2.7,Yes
Area E,19.2183,82.0,8098,7.4,238,4.1,Yes
Area A,22.0,72.9781,3571,8.7,187,8.3,Yes
Area I,28.7041,78.0,4052,1.3,347,7.8,No
Area D,19.2183,83.0,9492,6.3,358,9.7,Yes
Area E,24.0,82.0,6338,7.2,217,3.5,No
Area I,28.7041,73.8567,5046,6.2,255,3.4,Yes
Area E,28.7041,81.0,3407,6.9,251,5.8,No
Area B,19.076,80.0,1857,4.9,151,9.1,Yes
Area E,22.0,79.0,5368,3.0,163,4.2,No
Area A,25.0,79.0,8390,9.5,157,2.0,Yes
Area C,26.0,83.0,6452,9.3,484,5.7,Yes
Area B,23.0,83.0,9651,3.6,67,1.4,No
Area D,21.0,78.0,5793,2.1,148,2.5,Yes
Area G,18.5204,77.1025,8371,1.7,343,8.7,No
Area B,19.2183,83.0,4496,1.3,332,3.1,Yes
Area C,23.0,77.1025,2101,9.2,96,6.9,Yes
Area D,24.0,73.8567,7256,7.7,476,4.8,No
Area F,23.0,78.0,3951,9.4,366,5.6,No
Area B,23.0,83.0,7431,4.5,441,9.5,Yes
Area A,28.7041,77.1025,7006,6.7,332,4.9,No
Area F,21.0,79.0,1736,2.1,499,2.4,Yes
Area I,25.0,72.9781,2947,4.8,73,4.3,No
Area H,25.0,77.1025,3415,4.1,370,3.7,No
Area E,18.5204,72.8777,4343,4.7,121,5.5,Yes
Area G,23.0,83.0,3101,1.3,252,5.2,No
Area I,21.0,72.8777,2397,7.4,274,4.9,No
Area F,23.0,78.0,5008,2.7,239,3.0,No
Area A,28.7041,81.0,5431,7.2,335,5.1,Yes
Area A,19.076,79.0,8424,2.3,265,2.1,Yes
Area I,19.2183,78.0,2533,1.5,99,1.5,No
Area E,18.5204,79.0,6445,6.0,111,3.2,No
Area I,23.0,72.9781,2178,3.4,377,7.6,No
Area I,25.0,73.8567,4105,2.5,107,8.3,No
Area D,28.7041,83.0,7469,8.6,105,3.4,No
Area I,19.2183,73.8567,6044,2.2,278,2.9,No
Area I,23.0,78.0,8736,6.9,176,7.3,Yes
Area B,26.0,82.0,5447,7.6,280,9.8,Yes
Area F,28.7041,72.8777,4690,4.5,93,5.2,No
Area A,18.5204,77.1025,9096,8.7,471,9.7,No
Area C,19.2183,80.0,9785,6.0,263,8.6,Yes
Area I,24.0,82.0,1633,6.7,344,5.1,Yes
Area A,22.0,72.8777,5101,9.3,477,6.9,Yes
Area F,26.0,77.1025,4467,5.3,288,7.0,Yes
Area G,19.2183,81.0,8555,8.4,215,2.7,Yes
Area B,19.2183,83.0,7208,7.9,420,3.0,Yes
Area I,25.0,72.8777,4716,7.4,374,5.9,Yes
Area D,23.0,82.0,2479,9.8,483,9.9,No
Area J,24.0,72.9781,4043,8.1,424,7.5,No
Area B,19.2183,72.9781,3969,5.4,102,1.8,Yes
Area F,19.076,79.0,7250,5.2,201,2.9,Yes
Area I,21.0,79.0,9955,8.3,373,2.8,Yes
Area B,28.7041,81.0,8892,4.9,190,5.5,Yes
Area B,19.076,82.0,6168,8.5,86,4.1,No
Area H,26.0,73.8567,2386,5.2,377,7.8,No
Area H,19.076,72.9781,8687,3.9,57,3.9,Yes
Area G,28.7041,81.0,8342,7.3,341,3.8,Yes
Area D,22.0,72.8777,8978,9.6,482,8.1,No
Area E,21.0,77.1025,8227,4.0,251,5.1,Yes
Area G,25.0,81.0,6768,4.7,90,9.8,Yes
Area G,23.0,73.8567,7553,3.1,115,8.7,Yes
Area E,19.2183,72.9781,6673,1.4,172,8.5,No
Area E,19.076,79.0,8424,2.4,113,5.1,No
Area J,19.076,72.8777,5012,6.8,305,4.3,No
Area D,28.7041,78.0,5864,9.4,326,2.8,Yes
Area J,18.5204,73.8567,8031,4.4,227,6.9,No
Area C,22.0,81.0,8075,5.2,175,3.1,Yes
Area F,28.7041,78.0,8346,8.3,65,7.3,No
Area H,19.2183,73.8567,8600,3.0,80,7.1,Yes
Area D,23.0,83.0,7412,5.4,168,9.8,No
Area I,26.0,73.8567,6928,5.7,426,1.4,No
Area C,24.0,83.0,9896,1.2,50,8.1,No
Area I,26.0,83.0,2000,1.1,209,9.3,No
Area A,23.0,81.0,3864,1.1,464,8.3,No
Area I,21.0,81.0,1269,5.3,317,7.5,Yes
Area E,28.7041,73.8567,5492,8.8,253,9.4,Yes
Area H,19.076,82.0,1613,4.7,146,4.4,Yes
Area D,19.076,81.0,9459,1.7,482,4.9,No
Area F,26.0,83.0,7904,7.1,206,4.4,Yes
Area G,28.7041,72.8777,1620,9.9,131,3.0,Yes
Area A,24.0,72.8777,3673,7.9,65,6.7,No
Area C,28.7041,81.0,5685,8.7,373,6.8,Yes
Area B,24.0,80.0,2706,5.8,75,9.9,Yes
Area J,23.0,82.0,8043,2.3,472,2.4,Yes
Area G,21.0,83.0,9636,3.6,121,1.5,No
Area G,23.0,73.8567,7028,2.3,248,6.1,No
Area A,19.2183,78.0,5070,9.3,397,8.9,Yes
Area J,21.0,83.0,8624,7.9,334,8.5,Yes
Area G,22.0,79.0,7166,3.3,252,4.9,Yes
Area B,21.0,78.0,9209,6.8,260,1.2,Yes
Area F,28.7041,81.0,1801,1.2,90,5.5,Yes
Area I,28.7041,83.0,2959,6.8,376,7.0,Yes
Area C,25.0,73.8567,4426,2.4,478,4.5,Yes
Area F,25.0,81.0,9117,8.9,459,8.7,No
Area G,21.0,78.0,5303,1.8,230,4.4,No
Area C,23.0,78.0,2791,9.1,371,9.1,No
Area C,28.7041,78.0,3605,1.9,367,1.1,Yes
Area I,24.0,80.0,7862,9.1,409,4.7,No
Area I,28.7041,78.0,1640,3.8,273,2.1,Yes
Area B,19.076,77.1025,7361,5.6,67,9.8,Yes
Area G,26.0,72.8777,1426,1.0,244,6.9,Yes
Area E,19.2183,82.0,6770,5.6,484,1.2,No
Area E,22.0,77.1025,5988,8.5,410,3.0,No
Area B,23.0,73.8567,8577,3.7,97,7.3,Yes
Area J,24.0,78.0,2928,3.5,60,2.2,No
Area C,21.0,81.0,2059,4.6,132,8.2,No
Area G,19.2183,72.9781,6829,1.6,230,5.3,Yes
Area B,19.2183,80.0,1747,2.4,409,1.2,No
Area B,24.0,83.0,2195,6.7,114,4.7,Yes
Area D,19.076,78.0,2956,7.0,427,3.8,No
Area E,21.0,81.0,5085,5.7,141,5.1,Yes
Area D,26.0,81.0,8443,8.2,157,6.3,No
Area G,26.0,72.8777,4663,3.1,383,7.0,Yes
Area C,19.2183,79.0,4796,6.3,360,9.7,Yes
Area I,23.0,73.8567,6927,1.3,53,9.7,Yes
Area I,23.0,72.8777,5771,8.7,455,1.1,Yes
Area D,26.0,73.8567,2988,5.5,239,4.5,Yes
Area A,23.0,80.0,1287,3.8,489,5.1,Yes
Area J,19.076,82.0,5888,7.6,206,4.4,Yes
Area B,22.0,82.0,4459,8.0,307,3.4,Yes
Area C,28.7041,78.0,4659,5.2,488,4.7,No
Area I,19.076,78.0,1999,6.2,429,5.2,No
Area E,22.0,83.0,2090,4.4,352,4.7,Yes
Area F,26.0,83.0,3044,4.2,205,1.2,Yes
Area I,24.0,81.0,7385,5.1,171,3.0,Yes
Area A,25.0,78.0,2678,4.0,157,9.5,Yes
Area I,22.0,82.0,1819,4.6,246,3.3,No
Area D,23.0,72.9781,6347,3.9,65,3.6,Yes
Area E,22.0,81.0,4479,5.0,162,3.4,Yes
Area I,26.0,80.0,6883,2.1,279,5.6,No
Area E,19.076,73.8567,9977,1.2,239,7.3,No
Area C,28.7041,83.0,7674,3.2,134,9.3,Yes
Area B,28.7041,83.0,9425,4.8,190,6.3,Yes
Area D,22.0,83.0,1135,5.3,242,7.0,Yes
Area F,23.0,82.0,5623,6.8,240,8.2,Yes
Area B,19.076,82.0,7484,9.0,165,4.3,Yes
Area D,18.5204,80.0,7315,3.8,374,3.0,No
Area E,25.0,72.8777,4682,3.9,480,6.0,Yes
Area C,21.0,77.1025,4405,3.9,257,4.0,No
Area G,24.0,83.0,9150,1.6,89,4.1,Yes
Area F,24.0,78.0,6396,1.6,449,8.3,Yes
Area H,23.0,72.8777,2893,3.4,449,8.7,Yes
Area A,25.0,72.9781,5360,7.0,421,3.9,No
Area A,19.076,81.0,4580,4.6,402,5.4,Yes
Area F,19.2183,72.8777,2053,8.1,87,6.7,Yes
Area I,19.076,78.0,9434,4.5,306,9.9,Yes
Area E,23.0,82.0,7205,3.9,337,7.5,Yes
Area A,18.5204,73.8567,4798,4.6,121,5.8,Yes
Area J,18.5204,78.0,8374,2.1,408,6.2,No
Area F,19.076,82.0,8303,8.9,433,9.9,Yes
Area A,28.7041,82.0,3673,7.4,293,4.3,Yes
Area G,24.0,82.0,9496,1.4,485,1.4,No
Area G,24.0,79.0,1364,3.5,293,2.3,No
Area I,26.0,78.0,9615,3.5,186,7.7,No
Area F,21.0,72.8777,4530,7.9,188,4.3,No
Area E,26.0,80.0,7220,7.6,394,3.2,Yes
Area A,19.2183,77.1025,1715,5.6,431,1.6,No
Area H,19.2183,78.0,1213,2.9,434,2.2,No
Area D,22.0,73.8567,6869,2.1,420,3.6,Yes
Area I,18.5204,72.9781,6545,3.7,440,5.8,Yes
Area A,21.0,83.0,3313,8.9,493,6.4,Yes
Area B,22.0,80.0,5885,7.8,123,5.3,Yes
Area B,23.0,80.0,5918,9.1,202,9.5,Yes
Area B,18.5204,72.9781,6844,7.9,292,2.3,No
Area D,25.0,83.0,6999,5.4,385,6.6,Yes
Area I,28.7041,82.0,5338,8.2,257,4.9,Yes
Area E,25.0,73.8567,4717,8.7,334,1.5,Yes
Area D,25.0,80.0,1444,2.2,403,2.4,No
Area C,22.0,77.1025,7000,2.0,259,4.8,No
Area D,25.0,72.8777,5195,8.4,411,3.0,No
Area G,18.5204,80.0,4673,3.8,326,1.2,No
Area F,19.076,78.0,2970,5.9,329,4.6,No
Area C,25.0,78.0,5753,4.2,112,1.4,No
Area J,23.0,83.0,9836,6.5,176,4.2,Yes
Area F,25.0,81.0,3324,4.4,186,9.6,Yes
Area E,19.2183,73.8567,4900,7.8,313,4.5,No
Area B,28.7041,72.8777,2201,5.2,393,1.5,No
Area H,23.0,77.1025,4568,7.1,224,6.2,Yes
Area H,21.0,77.1025,5693,2.5,100,4.6,Yes
Area D,23.0,72.9781,5243,6.5,344,5.3,Yes
Area D,26.0,72.9781,6531,2.5,209,3.4,No
Area F,19.076,81.0,5447,4.4,180,5.5,Yes
Area G,26.0,81.0,6621,2.3,497,1.7,No
Area I,23.0,73.8567,6019,5.0,262,6.8,No
Area F,21.0,72.9781,1018,5.3,129,5.3,Yes
Area C,23.0,72.9781,2202,1.4,194,7.6,No
Area E,21.0,73.8567,7881,6.5,193,9.3,Yes
Area E,19.2183,81.0,9430,2.6,204,3.2,No
Area I,18.5204,72.8777,2186,9.2,410,1.1,Yes
Area B,23.0,72.9781,4020,9.0,233,6.0,No
Area G,22.0,73.8567,2976,3.4,200,3.1,Yes
Area D,23.0,73.8567,3763,4.4,132,3.8,No
Area F,18.5204,72.8777,6785,2.4,260,8.3,No
Area D,19.2183,78.0,6503,6.0,452,1.8,No
Area I,28.7041,81.0,4838,7.7,161,7.8,No
Area F,23.0,83.0,4401,5.1,406,2.0,No
Area H,26.0,73.8567,8206,9.9,189,1.0,No
Area F,19.2183,82.0,2268,5.3,253,4.9,Yes
Area I,21.0,83.0,7257,8.5,404,5.3,Yes
Area J,25.0,78.0,7914,8.8,109,7.4,No
Area B,22.0,82.0,9167,2.3,132,3.6,No
Area B,26.0,77.1025,8229,4.0,418,7.6,No
Area F,18.5204,72.8777,5137,8.7,339,4.5,No
Area E,23.0,80.0,8223,1.1,470,2.2,Yes
Area B,22.0,78.0,4367,9.7,168,7.6,Yes
Area F,21.0,80.0,8811,9.1,135,3.7,No
Area H,26.0,78.0,3011,7.4,71,8.1,Yes
Area J,18.5204,83.0,1428,2.5,433,1.2,No
Area J,19.076,72.9781,5674,8.5,447,1.8,No
Area D,21.0,78.0,2917,3.9,173,3.6,No
Area C,19.076,73.8567,8549,2.0,271,4.6,Yes
Area G,19.076,81.0,1366,3.4,378,4.4,Yes
Area H,18.5204,83.0,8471,5.5,382,3.0,Yes
Area I,18.5204,72.8777,3726,8.9,303,3.3,No
Area H,23.0,79.0,9181,8.5,434,5.7,No
Area B,19.2183,72.8777,8543,6.2,288,2.4,Yes
Area A,19.076,82.0,5461,7.8,404,5.9,No
Area B,19.076,82.0,6173,5.1,208,6.6,Yes
Area I,21.0,72.8777,8401,8.2,120,2.3,Yes
Area A,21.0,81.0,9329,7.1,391,4.5,No
Area J,26.0,72.8777,1619,8.9,323,6.9,No
Area C,22.0,77.1025,4927,1.2,53,4.3,Yes
Area D,28.7041,73.8567,7965,6.4,188,1.0,Yes
Area C,25.0,72.9781,9745,1.8,234,1.1,No
Area H,22.0,81.0,3755,1.7,370,3.4,Yes
Area D,24.0,83.0,3425,1.6,470,7.3,Yes
Area B,23.0,83.0,1277,1.0,428,6.9,No
Area E,21.0,72.8777,1770,6.9,332,9.0,No
Area H,25.0,73.8567,1484,2.3,339,7.8,Yes
Area I,18.5204,80.0,3532,5.8,453,10.0,No
Area B,19.2183,78.0,6434,1.1,71,9.5,No
Area B,28.7041,83.0,7419,9.8,80,1.5,No
Area G,22.0,73.8567,8605,8.6,245,6.5,No
Area G,24.0,81.0,6486,5.5,208,4.8,Yes
Area I,22.0,73.8567,2478,2.7,262,8.4,No
Area B,25.0,79.0,6716,8.3,252,2.9,No
Area B,28.7041,77.1025,1815,4.6,416,1.5,No
Area I,23.0,73.8567,7767,7.4,468,5.1,Yes
Area F,19.076,78.0,4327,3.7,204,8.4,No
Area B,23.0,79.0,8642,6.1,180,1.1,No
Area B,18.5204,79.0,8859,6.8,102,5.9,Yes
Area H,18.5204,81.0,2965,5.5,348,5.0,No
Area B,21.0,83.0,6142,6.1,149,8.6,No
Area G,19.076,73.8567,3044,2.1,51,6.6,No
Area B,28.7041,73.8567,9173,3.9,357,3.3,Yes
Area C,22.0,83.0,9043,9.6,485,4.2,Yes
Area I,18.5204,83.0,6920,1.3,101,6.0,No
Area E,26.0,73.8567,3546,4.8,399,5.8,No
Area C,28.7041,72.8777,2226,2.6,478,4.0,No
Area A,19.076,72.9781,4518,3.3,77,5.7,Yes
Area A,26.0,80.0,4028,6.7,402,1.7,No
Area E,28.7041,77.1025,1435,6.0,93,9.5,No
Area F,22.0,72.8777,9287,2.5,273,3.9,No
Area D,22.0,81.0,9701,3.0,462,8.5,No
Area H,21.0,73.8567,8487,2.5,218,2.7,No
Area J,24.0,77.1025,5555,6.4,428,4.5,Yes
Area J,26.0,81.0,3208,2.7,465,5.0,Yes
Area A,24.0,83.0,7712,5.2,412,1.4,Yes
Area J,19.076,72.9781,3732,5.1,416,6.3,Yes
Area A,23.0,73.8567,6869,4.1,358,5.7,No
Area F,23.0,73.8567,8796,3.2,154,4.8,No
Area F,28.7041,80.0,5284,1.7,500,5.2,No
Area I,24.0,82.0,8135,3.9,437,4.0,Yes
Area H,24.0,82.0,3803,9.5,148,1.4,No
Area B,19.076,79.0,5666,7.8,374,2.2,No
Area A,26.0,82.0,7867,1.3,120,8.3,Yes
Area C,21.0,78.0,2865,1.0,260,5.2,No
Area I,19.2183,81.0,2040,5.0,414,7.2,No
Area B,28.7041,82.0,9150,10.0,371,4.7,No
Area J,23.0,79.0,5356,4.8,454,2.7,Yes
Area J,19.2183,72.8777,7173,6.2,384,8.5,No
Area A,21.0,79.0,4663,8.9,112,5.3,No
Area J,26.0,78.0,8773,3.1,148,4.0,No
Area E,25.0,81.0,9228,5.9,456,8.5,No
Area A,22.0,72.8777,8139,4.0,141,2.6,Yes
Area B,19.076,73.8567,3811,1.7,84,8.8,No
Area I,25.0,77.1025,6547,1.6,419,10.0,No
Area D,21.0,83.0,5245,3.4,194,8.7,No
Area E,22.0,82.0,2670,4.3,300,1.4,Yes
Area A,19.2183,80.0,2225,6.6,474,1.9,No
Area E,23.0,78.0,9836,6.6,416,1.2,No
Area D,19.076,83.0,2889,8.8,142,1.9,Yes
Area H,24.0,80.0,6634,2.2,110,4.1,No
Area B,25.0,80.0,7210,5.1,164,4.1,No
Area H,19.2183,72.8777,9446,7.3,71,5.6,Yes
Area J,19.2183,83.0,2879,9.3,60,7.2,Yes
Area B,28.7041,72.9781,4000,2.4,380,9.4,No
Area C,18.5204,78.0,8954,9.6,285,3.4,Yes
Area C,25.0,83.0,2503,1.0,378,3.0,Yes
Area J,19.2183,72.9781,6534,3.8,69,3.7,No
Area C,21.0,78.0,6150,6.7,257,4.7,No
Area I,25.0,72.8777,2691,5.5,67,1.4,No
Area I,18.5204,82.0,1811,3.9,159,1.6,Yes
Area J,28.7041,79.0,6611,2.1,180,4.2,Yes
Area G,22.0,72.9781,1384,5.1,278,2.8,No
Area D,25.0,72.8777,7841,6.9,483,7.3,No
Area G,21.0,79.0,1326,9.6,109,3.7,No
Area C,21.0,81.0,3170,7.3,77,3.3,No
Area F,28.7041,78.0,5315,8.2,335,9.5,No
Area H,23.0,80.0,8132,1.4,401,2.5,Yes
Area E,18.5204,82.0,6943,1.1,291,1.4,Yes
Area B,26.0,79.0,2103,4.4,97,7.6,Yes
Area C,18.5204,78.0,3178,7.8,176,7.4,No
Area E,21.0,77.1025,9998,8.3,371,2.8,No
Area G,26.0,72.9781,8175,9.8,414,5.7,Yes
Area H,28.7041,73.8567,4876,3.3,317,3.0,No
Area F,21.0,83.0,7520,7.6,122,8.0,Yes
Area B,19.2183,77.1025,9609,9.6,467,5.8,Yes
Area F,25.0,80.0,2198,4.8,135,4.3,Yes
Area J,23.0,82.0,2390,2.2,209,7.0,Yes
Area H,19.076,80.0,4296,1.7,264,6.9,No
Area C,25.0,83.0,7418,4.5,181,8.3,Yes
Area J,26.0,82.0,9930,1.1,81,2.8,Yes
Area D,19.076,81.0,4823,9.2,287,2.8,No
Area H,19.2183,79.0,7139,5.9,491,10.0,No
Area I,24.0,78.0,9316,1.4,487,2.2,No
Area C,21.0,72.9781,5215,1.5,486,3.6,Yes
Area H,25.0,73.8567,4944,1.2,236,4.7,No
Area D,21.0,78.0,5394,9.0,380,7.6,No
Area E,19.2183,77.1025,8456,8.8,297,3.6,No
Area C,22.0,81.0,4124,7.9,209,7.3,No
Area J,21.0,77.1025,5440,1.9,285,7.0,No
Area J,21.0,73.8567,2763,1.6,337,3.2,Yes
Area E,19.076,72.8777,4267,2.4,148,8.0,Yes
Area F,21.0,79.0,8323,2.6,303,5.3,No
Area J,22.0,78.0,9086,5.0,100,7.4,No
Area H,24.0,80.0,1312,4.3,198,4.8,Yes
Area J,19.2183,73.8567,8392,5.5,306,1.9,No
Area I,19.2183,80.0,9435,5.3,128,6.8,No
Area C,28.7041,80.0,5559,6.8,380,1.3,No
Area J,22.0,77.1025,5221,5.5,170,8.0,No
Area A,19.076,81.0,9462,6.4,136,2.2,Yes
Area G,18.5204,72.9781,4134,3.5,433,8.3,Yes
Area A,19.076,73.8567,6467,2.1,327,8.9,No
Area D,19.2183,80.0,6953,6.4,256,9.8,No
Area D,19.2183,81.0,4779,4.2,152,8.8,Yes
Area F,22.0,72.8777,2253,3.2,334,8.0,No
Area C,26.0,83.0,5031,7.6,233,8.7,No
Area J,19.076,82.0,7930,8.3,346,9.5,No
Area H,19.2183,81.0,2181,5.0,56,6.0,Yes
Area F,21.0,72.9781,6630,2.9,197,8.1,Yes
Area B,22.0,82.0,8272,1.4,131,5.6,Yes
Area D,24.0,72.9781,7946,5.4,500,4.6,Yes
Area I,19.2183,80.0,4305,8.2,73,5.2,Yes
Area B,25.0,78.0,3132,7.2,322,8.6,Yes
Area E,22.0,73.8567,3013,4.6,237,1.6,Yes
Area F,18.5204,80.0,4504,3.2,403,7.3,No
Area F,26.0,80.0,9098,2.8,206,8.8,Yes
Area C,18.5204,83.0,8168,2.1,231,4.1,Yes
Area H,19.076,79.0,5245,6.3,471,5.9,Yes
Area H,23.0,82.0,2116,2.2,491,4.3,No
Area G,19.2183,83.0,1859,4.9,300,8.8,No
Area E,21.0,83.0,3347,2.9,280,5.9,Yes
Area B,26.0,83.0,5185,2.8,121,4.7,No
Area D,19.2183,73.8567,4026,3.1,146,4.8,No
Area G,28.7041,83.0,8342,6.0,166,5.1,No
Area E,22.0,80.0,3474,9.2,91,1.9,No
Area D,24.0,80.0,8056,1.9,472,2.9,No
Area D,22.0,78.0,7688,7.2,312,7.3,Yes
Area B,22.0,73.8567,7749,6.9,496,9.2,Yes
Area F,22.0,81.0,8456,6.4,351,3.0,Yes
Area E,19.2183,72.8777,7222,9.8,123,6.4,Yes
Area B,28.7041,72.8777,4850,1.8,292,6.3,No
Area C,22.0,83.0,3672,2.7,59,8.2,Yes
Area A,22.0,77.1025,8304,6.3,405,2.7,No
Area G,23.0,83.0,9767,8.4,112,1.3,Yes
Area H,19.2183,77.1025,7676,4.7,371,9.4,No
Area J,26.0,81.0,4955,2.6,67,2.7,Yes
Area B,28.7041,79.0,6988,6.8,334,6.3,Yes
Area J,28.7041,77.1025,4826,6.4,375,2.0,No
Area D,21.0,81.0,4255,9.4,424,1.0,Yes
Area C,18.5204,78.0,8168,4.2,270,8.4,Yes
Area B,19.2183,83.0,5160,1.3,284,3.6,No
Area B,28.7041,82.0,9712,2.5,249,3.9,Yes
Area E,28.7041,82.0,2941,3.8,286,9.6,No
Area D,28.7041,77.1025,4494,9.7,284,1.9,Yes
Area I,19.2183,82.0,7960,5.8,346,7.5,No
Area C,21.0,79.0,1617,9.1,276,2.4,Yes
Area C,28.7041,72.9781,3458,9.4,432,7.4,No
Area C,23.0,77.1025,1125,7.2,246,5.8,Yes
Area E,19.076,83.0,4108,1.6,295,4.2,No
Area J,21.0,81.0,8653,5.0,250,3.6,Yes
Area A,25.0,82.0,8578,3.0,175,7.3,No
Area G,24.0,72.8777,3077,6.6,208,1.8,No
Area B,21.0,81.0,3356,4.5,488,3.7,Yes
Area G,24.0,73.8567,8269,8.1,308,7.3,Yes
Area J,18.5204,72.8777,6385,5.9,92,7.6,No
Area A,19.2183,79.0,7813,3.4,210,6.7,Yes
Area E,19.076,80.0,5556,3.4,347,8.9,Yes
Area D,24.0,83.0,4947,3.8,409,7.3,Yes
Area E,23.0,77.1025,5822,1.7,267,2.7,No
Area J,24.0,83.0,8475,8.6,347,3.7,Yes
Area B,19.2183,72.9781,9710,7.3,111,4.0,Yes
Area C,28.7041,83.0,1562,6.6,149,9.3,No
Area I,18.5204,72.9781,5337,2.5,291,3.7,No
Area J,23.0,79.0,4071,1.7,499,6.4,No
Area I,21.0,77.1025,9745,6.5,451,7.3,No
Area G,28.7041,81.0,3504,8.7,494,8.4,Yes
Area G,26.0,72.9781,7340,1.8,86,4.3,Yes
Area F,18.5204,82.0,6555,4.4,178,5.5,Yes
Area G,28.7041,72.9781,1708,1.6,384,3.7,Yes
Area E,19.2183,80.0,5489,3.4,386,8.3,Yes
Area F,21.0,79.0,2723,1.9,145,1.1,Yes
Area C,21.0,72.8777,2023,2.8,198,1.0,Yes
Area G,19.076,72.8777,4097,2.0,405,3.5,No
Area A,25.0,79.0,4615,2.6,227,4.6,No
Area D,23.0,72.9781,1429,8.3,310,7.8,No
Area H,19.2183,79.0,5533,1.6,349,7.6,Yes
Area H,23.0,80.0,8476,3.7,267,7.9,No
Area J,18.5204,79.0,6217,9.8,421,3.0,No
Area C,26.0,78.0,3539,3.3,70,7.6,Yes
Area J,23.0,83.0,1183,2.4,313,6.7,No
Area J,21.0,78.0,3165,7.2,179,9.4,Yes
Area H,18.5204,77.1025,7899,3.4,398,6.0,Yes
Area H,19.076,83.0,4381,7.2,474,4.6,Yes
Area D,25.0,80.0,4790,6.5,247,6.8,Yes
Area D,25.0,81.0,4413,9.7,474,7.6,No
Area D,19.2183,77.1025,4231,7.9,221,5.3,No
Area E,25.0,77.1025,3606,1.5,67,9.0,No
Area J,28.7041,83.0,4958,7.3,57,5.3,No
Area F,19.076,72.8777,9087,4.9,95,2.8,No
Area A,24.0,79.0,1406,4.9,317,6.8,Yes
Area J,28.7041,82.0,2227,9.7,216,6.2,Yes
Area E,21.0,79.0,2076,7.4,387,3.4,Yes
Area F,24.0,83.0,5137,6.6,215,9.8,No
Area I,21.0,83.0,8096,7.6,481,2.0,Yes
Area E,25.0,83.0,7868,8.4,85,7.0,No
Area J,25.0,72.8777,4521,8.4,450,7.8,Yes
Area B,18.5204,72.9781,3325,6.1,127,7.8,Yes
Area E,21.0,73.8567,1789,9.7,189,5.9,No
Area E,28.7041,83.0,9137,6.8,325,9.1,Yes
Area J,28.7041,79.0,8652,5.7,60,2.7,Yes
Area G,24.0,73.8567,8722,4.5,328,4.2,No
Area E,23.0,81.0,9892,3.4,57,3.4,No
Area D,18.5204,78.0,6865,7.1,447,8.1,No
Area C,22.0,82.0,4172,5.4,139,6.1,No
Area C,26.0,72.8777,2791,10.0,162,7.5,No
Area E,25.0,77.1025,6056,2.7,63,6.6,No
Area E,28.7041,77.1025,8147,3.4,212,9.3,No
Area E,22.0,81.0,9390,3.2,277,4.8,Yes
Area H,22.0,78.0,8429,9.7,159,1.7,Yes
Area C,21.0,72.8777,2601,9.9,122,5.4,No
Area J,22.0,72.9781,6123,1.1,243,8.2,No
Area J,21.0,81.0,7133,6.8,61,8.2,No
Area J,28.7041,81.0,6716,3.1,176,1.5,Yes
Area G,19.2183,77.1025,4343,2.3,268,2.3,No
Area H,23.0,80.0,6314,1.9,337,6.2,Yes
Area A,23.0,73.8567,6326,9.4,213,2.3,No
Area H,28.7041,81.0,2845,7.6,435,3.8,Yes
Area F,19.2183,81.0,8681,9.5,351,8.8,No
Area J,21.0,83.0,2246,1.3,382,2.4,No
Area H,19.2183,72.9781,5789,3.4,234,5.2,Yes
Area J,21.0,79.0,6720,4.1,459,5.2,No
Area E,18.5204,82.0,3335,3.7,462,9.6,Yes
Area D,28.7041,80.0,2226,8.1,178,1.2,No
Area D,22.0,77.1025,6728,3.7,190,5.0,No
Area G,19.076,78.0,2540,4.9,207,9.6,No
Area D,19.2183,81.0,6457,6.9,169,1.1,Yes
Area J,19.076,82.0,9479,2.9,470,5.1,Yes
Area G,19.2183,81.0,1266,5.5,168,5.9,Yes
Area D,22.0,82.0,2832,1.5,152,5.4,No
Area C,24.0,83.0,1757,7.1,495,8.1,Yes
Area F,19.2183,73.8567,5422,5.9,166,7.7,Yes
Area C,21.0,81.0,4005,1.6,59,9.9,Yes
Area C,25.0,72.8777,4819,3.9,439,7.4,Yes
Area G,24.0,72.9781,4165,6.3,308,4.4,No
Area I,26.0,81.0,9554,2.0,162,8.3,No
Area J,26.0,77.1025,8334,1.2,441,3.4,Yes
Area J,24.0,80.0,6138,8.8,412,5.3,Yes
Area G,22.0,72.8777,1566,5.2,152,8.7,Yes
Area G,26.0,79.0,8818,9.9,466,8.2,Yes
Area H,28.7041,78.0,3658,7.1,165,2.8,Yes
Area D,22.0,73.8567,1834,4.0,146,6.1,Yes
Area G,19.076,80.0,1185,1.7,319,6.3,No
Area B,23.0,72.9781,6084,4.7,297,3.0,No
Area B,22.0,78.0,2645,7.1,339,5.6,No
Area G,19.2183,80.0,2673,9.7,96,3.5,Yes
Area J,24.0,77.1025,5879,1.5,430,8.8,Yes
Area E,19.2183,82.0,7192,8.8,416,5.6,No
Area C,26.0,81.0,6212,2.7,248,6.9,Yes
Area E,26.0,80.0,1742,1.6,385,1.8,No
Area C,22.0,80.0,3747,8.1,141,8.6,Yes
Area G,21.0,81.0,6934,1.9,413,4.0,Yes
Area A,18.5204,72.8777,5618,6.8,121,4.5,Yes
Area B,19.2183,78.0,2415,6.1,347,8.1,No
Area A,21.0,78.0,4283,5.1,230,6.1,No
Area C,25.0,82.0,3004,2.1,185,9.0,No
Area G,18.5204,77.1025,7966,6.5,215,7.9,No
Area F,22.0,72.8777,1945,9.6,97,4.7,No
Area F,18.5204,73.8567,3603,4.6,463,9.7,No
Area D,22.0,82.0,6022,2.7,125,6.9,No
Area A,26.0,82.0,9161,7.9,266,8.4,Yes
Area F,19.2183,73.8567,2182,8.8,379,1.1,Yes
Area B,18.5204,79.0,7790,5.0,229,1.9,Yes
Area A,22.0,72.9781,8434,1.5,338,1.8,No
Area H,19.076,73.8567,2761,8.2,278,1.7,No
Area B,25.0,79.0,4233,5.6,362,5.9,No
Area I,24.0,79.0,2020,7.2,213,1.8,No
Area A,19.2183,83.0,1752,8.7,265,3.2,Yes
Area A,18.5204,73.8567,9510,8.4,312,10.0,No
Area H,28.7041,80.0,9519,6.9,473,8.0,Yes
Area F,25.0,78.0,5974,7.2,179,8.9,No
Area H,24.0,82.0,3590,9.9,249,4.8,Yes
Area H,22.0,82.0,1716,9.8,411,7.3,No
Area D,19.2183,83.0,8575,6.7,95,7.6,Yes
Area J,26.0,77.1025,4394,9.3,384,6.7,Yes
Area E,21.0,82.0,9398,5.3,111,8.1,Yes
Area B,19.2183,81.0,9998,4.2,423,7.9,Yes
Area A,26.0,82.0,8482,6.4,142,7.0,No
Area E,23.0,81.0,3783,3.4,375,5.7,No
Area I,23.0,80.0,3743,5.6,192,2.6,No
Area B,19.2183,72.8777,4877,6.6,129,9.6,Yes
Area C,24.0,73.8567,5224,7.1,354,9.6,No
Area C,23.0,79.0,4422,6.6,426,2.8,Yes
Area B,25.0,77.1025,1072,6.7,142,8.3,Yes
Area B,18.5204,72.9781,3691,2.6,253,2.7,Yes
Area E,19.076,77.1025,2408,6.5,129,8.2,Yes
Area G,19.076,80.0,8982,2.7,119,3.7,Yes
Area C,26.0,78.0,2128,6.1,451,3.5,Yes
Area G,25.0,80.0,4816,2.4,98,6.1,Yes
Area I,26.0,72.8777,8737,2.2,301,4.6,Yes
Area A,26.0,79.0,1479,9.3,162,4.0,No
Area C,21.0,78.0,9703,6.8,466,6.9,No
Area A,25.0,72.8777,3210,4.3,392,8.1,Yes
Area A,19.076,79.0,8099,9.3,225,3.4,Yes
Area D,19.076,81.0,6299,8.6,128,3.7,Yes
Area D,23.0,81.0,5943,7.2,375,2.4,Yes
Area B,19.076,80.0,1984,8.0,385,7.2,Yes
Area B,22.0,82.0,9683,1.7,232,9.2,Yes
Area E,19.076,72.8777,7704,1.4,272,6.4,Yes
Area D,19.2183,77.1025,1098,6.5,400,2.4,No
Area J,25.0,82.0,5052,5.6,498,5.0,Yes
Area A,19.2183,83.0,7339,8.2,412,8.6,No
Area B,26.0,72.8777,6464,7.8,413,7.5,Yes
Area I,23.0,72.8777,2991,2.6,420,4.2,Yes
Area D,25.0,73.8567,8485,6.9,325,1.8,No
Area B,19.2183,83.0,6318,2.3,130,9.0,No
Area D,18.5204,79.0,4633,6.0,434,6.3,Yes
Area G,19.2183,77.1025,2738,6.0,179,5.9,Yes
Area B,22.0,83.0,8154,8.8,347,3.5,No
Area E,23.0,82.0,4722,8.2,442,6.7,Yes
Area I,19.2183,83.0,2310,3.7,326,4.3,Yes
Area I,21.0,72.9781,2081,4.4,283,8.9,Yes
Area B,19.076,80.0,2138,5.4,203,7.4,Yes
Area J,23.0,82.0,5498,8.6,199,8.0,Yes
Area A,24.0,81.0,7396,4.4,145,6.7,No
Area C,25.0,72.8777,4959,6.4,397,6.1,Yes
Area H,24.0,79.0,1013,3.2,169,7.2,No
Area E,26.0,77.1025,6849,9.0,498,3.2,No
Area E,19.2183,80.0,6285,2.4,476,3.7,Yes
Area D,25.0,78.0,5841,2.9,448,8.1,No
Area G,25.0,83.0,7810,6.2,84,6.5,No
Area I,24.0,82.0,6900,3.6,237,4.4,No
Area H,22.0,81.0,8700,1.2,440,5.9,No
Area J,23.0,72.8777,4912,9.7,481,3.3,Yes
Area A,19.076,80.0,6296,7.5,64,4.9,No
Area I,24.0,72.9781,6227,3.0,455,8.4,Yes
Area I,23.0,77.1025,2476,7.1,304,2.1,Yes
Area H,18.5204,81.0,9416,6.1,442,3.5,No
Area A,24.0,73.8567,6950,7.7,199,7.7,No
Area D,19.076,72.9781,4575,4.1,109,7.4,No
Area J,21.0,82.0,3142,7.9,342,9.1,Yes
Area E,18.5204,83.0,7791,4.2,393,5.5,No
Area A,22.0,78.0,5709,3.7,331,1.6,Yes
Area H,21.0,82.0,2309,3.1,237,3.4,Yes
Area H,19.076,78.0,7495,4.9,64,6.4,No
Area J,21.0,82.0,1634,1.2,85,8.2,Yes
Area E,28.7041,79.0,7966,3.5,285,6.0,No
Area I,22.0,82.0,6404,5.5,495,8.4,No
Area B,19.076,73.8567,3409,4.1,269,9.6,Yes
Area H,22.0,80.0,2994,1.1,451,7.4,Yes
Area H,28.7041,78.0,5827,9.9,449,4.0,Yes
Area F,26.0,78.0,2759,8.0,475,3.5,No
Area D,23.0,82.0,4830,9.7,184,8.6,Yes
Area F,23.0,81.0,5011,8.8,368,2.4,No
Area D,26.0,83.0,2688,1.9,481,4.5,Yes
Area H,22.0,73.8567,5895,8.5,472,1.3,Yes
Area J,21.0,78.0,1267,8.7,260,7.3,No
Area A,23.0,81.0,7962,7.7,94,6.4,No
Area B,25.0,79.0,1865,2.5,61,4.2,Yes
Area D,25.0,72.8777,8128,1.5,83,9.0,No
Area J,19.076,82.0,3085,4.9,182,4.8,No
Area E,19.076,82.0,5012,2.2,393,9.0,No
Area F,19.076,79.0,5202,8.5,440,4.1,No
Area D,28.7041,82.0,9275,8.0,358,2.3,No
Area G,19.2183,77.1025,4400,2.8,412,5.9,Yes
Area J,28.7041,78.0,7119,2.2,437,3.4,Yes
Area B,22.0,83.0,8478,4.3,87,9.3,Yes
Area H,19.076,81.0,3118,8.4,169,9.9,Yes
Area H,24.0,81.0,9317,5.5,199,3.0,No
Area D,26.0,83.0,4122,2.6,334,6.2,Yes
Area B,21.0,73.8567,2230,6.7,72,7.8,No
Area H,28.7041,82.0,8545,3.9,348,6.1,No
Area A,18.5204,79.0,6170,5.9,122,3.8,Yes
Area F,19.2183,72.9781,8638,8.7,82,3.0,No
Area F,25.0,79.0,4125,6.4,389,2.3,Yes
Area A,18.5204,83.0,2308,4.9,426,6.7,No
Area A,22.0,72.9781,4802,8.4,164,9.1,No
Area H,25.0,73.8567,7588,9.2,339,9.5,Yes
Area C,25.0,72.9781,9999,2.3,341,7.8,No
Area F,28.7041,81.0,4787,2.5,442,2.5,Yes
Area G,22.0,78.0,1258,8.3,69,4.9,Yes
Area B,21.0,81.0,5571,9.7,132,8.8,No
Area B,21.0,72.8777,1325,6.1,467,7.5,No
Area A,25.0,77.1025,7661,6.1,155,1.8,Yes
Area B,28.7041,83.0,2850,3.4,262,5.4,Yes
Area I,28.7041,83.0,6181,10.0,457,1.3,Yes
Area B,19.076,72.9781,5005,1.0,50,7.5,Yes
Area E,19.076,77.1025,8826,6.1,258,5.4,Yes
Area H,24.0,82.0,8321,5.8,193,9.2,Yes
Area I,28.7041,83.0,5601,6.1,408,5.4,No
Area C,23.0,79.0,1301,3.3,107,3.6,No
Area C,19.2183,78.0,4396,4.7,408,6.4,Yes
Area I,19.076,78.0,9936,8.2,263,1.6,Yes
Area H,21.0,83.0,4753,9.1,200,9.1,No
Area I,21.0,73.8567,4881,9.9,431,2.8,No
Area J,19.2183,81.0,7388,1.8,370,4.7,No
Area F,21.0,79.0,3619,3.4,499,3.4,No
Area G,24.0,79.0,9607,6.9,307,7.7,No
Area C,24.0,79.0,2145,9.0,55,2.2,Yes
Area B,23.0,72.8777,2801,2.0,62,1.2,No
Area F,19.2183,78.0,2017,10.0,438,7.7,No
Area C,26.0,81.0,1221,9.1,146,5.5,No
Area G,28.7041,82.0,2929,6.5,441,5.0,No
Area J,19.076,78.0,7751,3.9,492,7.3,No
Area A,24.0,81.0,4660,1.6,206,5.3,Yes
Area J,24.0,81.0,2841,9.5,282,5.5,Yes
Area A,19.076,79.0,9770,3.5,407,8.0,No
Area C,25.0,82.0,6686,1.1,403,2.5,No
Area I,23.0,79.0,5603,7.5,425,2.9,No
Area D,18.5204,82.0,2356,4.3,328,3.5,Yes
Area J,22.0,78.0,9570,2.8,334,7.7,No
Area E,22.0,79.0,6894,1.9,55,8.8,Yes
Area F,24.0,78.0,5009,9.4,297,4.6,No
Area C,19.076,80.0,8705,3.2,167,6.3,No
Area J,21.0,80.0,1259,7.5,429,6.6,Yes
Area J,19.2183,72.8777,6804,3.3,359,5.5,No
Area I,24.0,72.8777,7657,7.0,288,5.4,No
Area J,23.0,79.0,1049,1.2,75,2.6,No
Area D,22.0,79.0,2826,5.8,118,4.2,No
Area G,18.5204,73.8567,2106,3.6,54,3.4,Yes
Area F,28.7041,77.1025,3892,1.1,395,3.9,No
Area I,21.0,78.0,7052,6.9,212,3.5,No
Area D,23.0,81.0,2726,2.9,218,6.5,Yes
Area B,19.2183,72.9781,9155,2.7,353,5.9,Yes
Area G,19.2183,82.0,6901,4.7,316,5.6,No
Area A,23.0,80.0,4391,5.3,445,6.9,Yes
Area I,26.0,78.0,9478,2.6,60,9.9,Yes
Area F,24.0,79.0,9655,9.1,319,5.3,No
Area B,28.7041,81.0,4192,7.6,133,8.7,Yes
Area B,24.0,78.0,8161,4.8,444,9.4,Yes
Area D,22.0,83.0,7263,3.2,453,2.3,No
Area C,24.0,72.9781,4557,1.8,93,8.6,Yes
Area F,23.0,72.9781,8392,6.2,157,7.4,Yes
Area D,26.0,72.9781,6986,8.8,209,7.9,No
Area B,25.0,72.8777,9671,2.1,405,4.4,No
Area H,18.5204,82.0,8162,5.0,306,1.7,Yes
Area G,19.076,73.8567,4547,4.0,253,7.0,Yes
Area F,28.7041,80.0,8195,5.8,386,7.9,Yes
Area D,18.5204,72.8777,5043,5.2,223,4.0,No
Area E,19.2183,82.0,2129,8.1,324,2.5,No
Area E,22.0,79.0,9775,3.8,465,5.1,No
Area H,22.0,79.0,1978,7.9,307,9.1,No
Area B,25.0,77.1025,6513,1.2,318,9.9,Yes
Area D,24.0,72.8777,2428,4.6,477,4.6,Yes
Area H,19.076,80.0,8757,8.8,277,6.6,No
Area D,19.076,82.0,5315,8.5,254,1.4,Yes
Area D,26.0,72.8777,3891,7.2,500,9.9,Yes
Area E,25.0,82.0,2311,5.0,434,5.9,No
Area H,21.0,79.0,7527,7.3,240,6.0,No
Area C,21.0,73.8567,9932,7.9,87,7.1,No
Area I,21.0,77.1025,5453,1.4,296,6.7,Yes
Area I,23.0,83.0,8265,7.5,485,8.1,Yes
Area H,26.0,73.8567,4726,9.0,419,9.9,Yes
Area E,26.0,72.9781,6362,3.4,264,4.6,Yes
Area J,23.0,81.0,1346,2.8,362,8.9,Yes
Area A,24.0,77.1025,8290,2.8,271,4.3,No
Area D,28.7041,73.8567,9596,8.2,219,9.4,No
Area B,25.0,80.0,7572,6.5,385,5.3,Yes
Area G,23.0,83.0,5953,4.5,387,8.7,No
Area I,19.2183,80.0,4765,7.6,66,1.8,No
Area J,28.7041,79.0,5717,7.5,465,9.1,Yes
Area C,25.0,82.0,1850,3.7,443,9.0,Yes
Area J,24.0,72.8777,5909,6.1,54,5.3,Yes
Area E,19.076,73.8567,7191,9.6,476,1.6,No
Area C,23.0,77.1025,9738,8.8,448,2.5,No
Area D,23.0,72.8777,7606,8.0,321,3.1,Yes
Area J,21.0,79.0,3488,2.0,253,9.7,No
Area J,18.5204,77.1025,6782,6.2,176,9.1,Yes
Area I,24.0,72.9781,4893,3.3,326,3.4,No
Area E,19.076,81.0,7452,6.8,313,3.5,Yes
Area F,21.0,83.0,5271,4.8,239,5.3,No
Area H,24.0,83.0,2357,3.0,90,10.0,No
Area E,25.0,77.1025,3395,6.2,398,2.9,Yes
Area C,24.0,82.0,2552,9.4,291,7.2,No
Area E,21.0,77.1025,6798,2.1,270,7.0,Yes
Area D,24.0,72.9781,6064,7.4,292,9.6,No
Area J,28.7041,80.0,7180,7.8,60,1.5,Yes
Area I,21.0,77.1025,3883,1.4,321,8.0,No
Area A,18.5204,73.8567,7324,6.3,360,9.4,Yes
Area J,22.0,72.8777,7079,6.9,124,6.2,No
Area G,26.0,83.0,4018,4.0,381,2.5,No
Area E,19.076,80.0,7415,1.4,257,8.8,No
Area G,23.0,72.9781,2302,3.3,195,7.4,No
Area I,18.5204,80.0,6235,2.9,270,8.3,Yes
Area B,26.0,77.1025,2424,2.2,331,9.6,No
Area D,26.0,82.0,4149,2.8,63,4.8,No
Area A,19.2183,73.8567,6541,7.1,317,5.5,Yes
Area E,26.0,82.0,8754,2.1,382,7.0,No
Area C,22.0,83.0,5308,6.6,484,5.4,No
Area C,18.5204,79.0,5006,6.5,231,3.7,Yes
Area C,28.7041,72.9781,3086,6.5,356,4.9,No
Area F,24.0,78.0,6890,5.2,248,2.6,Yes
Area D,28.7041,78.0,5907,3.0,246,2.1,Yes
Area H,23.0,72.9781,4905,6.7,89,7.1,Yes
Area J,21.0,80.0,6690,3.0,294,7.5,No
Area D,22.0,77.1025,5946,8.4,426,1.0,Yes
